SC,opcode,label
500001.txt,PUSH PUSH MSTORE CALLVALUE DUP ISZERO PUSH JUMPI PUSH DUP REVERT JUMPDEST POP PUSH DUP PUSH PUSH CODECOPY PUSH RETURN STOP PUSH PUSH MSTORE PUSH CALLDATASIZE LT PUSH JUMPI PUSH CALLDATALOAD PUSH SWAP DIV PUSH AND DUP PUSH EQ PUSH JUMPI JUMPDEST PUSH DUP REVERT JUMPDEST PUSH PUSH DUP CALLDATASIZE SUB DUP ADD SWAP DUP DUP CALLDATALOAD PUSH AND SWAP PUSH ADD SWAP SWAP SWAP SWAP DUP CALLDATALOAD SWAP PUSH ADD SWAP DUP ADD DUP CALLDATALOAD SWAP PUSH ADD SWAP DUP DUP PUSH ADD PUSH DUP SWAP DIV MUL PUSH ADD PUSH MLOAD SWAP DUP ADD PUSH MSTORE DUP SWAP SWAP SWAP SWAP DUP DUP MSTORE PUSH ADD DUP DUP DUP DUP DUP CALLDATACOPY DUP ADD SWAP POP POP POP POP POP POP SWAP SWAP SWAP SWAP SWAP POP POP POP PUSH JUMP JUMPDEST STOP JUMPDEST PUSH DUP DUP MLOAD GT ISZERO PUSH JUMPI DUP PUSH AND DUP PUSH MLOAD DUP DUP DUP MLOAD SWAP PUSH ADD SWAP DUP DUP DUP PUSH JUMPDEST DUP DUP LT ISZERO PUSH JUMPI DUP DUP ADD MLOAD DUP DUP ADD MSTORE PUSH DUP ADD SWAP POP PUSH JUMP JUMPDEST POP POP POP POP SWAP POP SWAP DUP ADD SWAP PUSH AND DUP ISZERO PUSH JUMPI DUP DUP SUB DUP MLOAD PUSH DUP PUSH SUB PUSH EXP SUB NOT AND DUP MSTORE PUSH ADD SWAP POP JUMPDEST POP SWAP POP POP PUSH PUSH MLOAD DUP DUP SUB DUP DUP GAS DELEGATECALL SWAP POP POP SWAP POP DUP ISZERO ISZERO PUSH JUMPI PUSH DUP REVERT JUMPDEST JUMPDEST POP POP POP JUMP STOP,3
500031.txt,PUSH PUSH MSTORE CALLVALUE DUP ISZERO PUSH JUMPI PUSH DUP REVERT JUMPDEST POP PUSH DUP PUSH PUSH CODECOPY PUSH RETURN STOP PUSH PUSH MSTORE PUSH CALLDATASIZE LT PUSH JUMPI PUSH CALLDATALOAD PUSH SWAP DIV PUSH AND DUP PUSH EQ PUSH JUMPI JUMPDEST PUSH DUP REVERT JUMPDEST CALLVALUE DUP ISZERO PUSH JUMPI PUSH DUP REVERT JUMPDEST POP PUSH PUSH DUP CALLDATASIZE SUB DUP ADD SWAP DUP DUP CALLDATALOAD PUSH AND SWAP PUSH ADD SWAP SWAP SWAP SWAP DUP CALLDATALOAD SWAP PUSH ADD SWAP SWAP SWAP SWAP DUP CALLDATALOAD PUSH AND SWAP PUSH ADD SWAP SWAP SWAP SWAP POP POP POP PUSH JUMP JUMPDEST PUSH MLOAD DUP DUP DUP MSTORE PUSH ADD SWAP POP POP PUSH MLOAD DUP SWAP SUB SWAP RETURN JUMPDEST PUSH DUP PUSH AND DUP DUP DUP PUSH MLOAD PUSH ADD DUP DUP PUSH AND PUSH AND DUP MSTORE PUSH ADD DUP DUP MSTORE PUSH ADD DUP PUSH AND PUSH AND DUP MSTORE PUSH ADD SWAP POP POP POP POP PUSH MLOAD PUSH DUP DUP SUB SUB DUP MSTORE SWAP PUSH MSTORE PUSH PUSH NOT AND PUSH DUP ADD DUP MLOAD PUSH DUP DUP DUP AND OR DUP MSTORE POP POP POP POP PUSH MLOAD DUP DUP DUP MLOAD SWAP PUSH ADD SWAP DUP DUP DUP PUSH JUMPDEST DUP DUP LT ISZERO PUSH JUMPI DUP DUP ADD MLOAD DUP DUP ADD MSTORE PUSH DUP ADD SWAP POP PUSH JUMP JUMPDEST POP POP POP POP SWAP POP SWAP DUP ADD SWAP PUSH AND DUP ISZERO PUSH JUMPI DUP DUP SUB DUP MLOAD PUSH DUP PUSH SUB PUSH EXP SUB NOT AND DUP MSTORE PUSH ADD SWAP POP JUMPDEST POP SWAP POP POP PUSH PUSH MLOAD DUP DUP SUB DUP DUP GAS DELEGATECALL SWAP POP POP POP SWAP SWAP POP POP POP JUMP STOP,3
500051.txt,PUSH PUSH MSTORE CALLVALUE DUP ISZERO PUSH JUMPI PUSH DUP REVERT JUMPDEST POP PUSH DUP PUSH PUSH CODECOPY PUSH RETURN STOP PUSH PUSH MSTORE PUSH CALLDATASIZE LT PUSH JUMPI PUSH CALLDATALOAD PUSH SWAP DIV PUSH AND DUP PUSH EQ PUSH JUMPI JUMPDEST PUSH DUP REVERT JUMPDEST PUSH PUSH DUP CALLDATASIZE SUB DUP ADD SWAP DUP DUP CALLDATALOAD PUSH AND SWAP PUSH ADD SWAP SWAP SWAP SWAP DUP CALLDATALOAD SWAP PUSH ADD SWAP DUP ADD DUP CALLDATALOAD SWAP PUSH ADD SWAP DUP DUP PUSH ADD PUSH DUP SWAP DIV MUL PUSH ADD PUSH MLOAD SWAP DUP ADD PUSH MSTORE DUP SWAP SWAP SWAP SWAP DUP DUP MSTORE PUSH ADD DUP DUP DUP DUP DUP CALLDATACOPY DUP ADD SWAP POP POP POP POP POP POP SWAP SWAP SWAP SWAP SWAP POP POP POP PUSH JUMP JUMPDEST STOP JUMPDEST DUP PUSH AND DUP PUSH MLOAD DUP DUP DUP MLOAD SWAP PUSH ADD SWAP DUP DUP DUP PUSH JUMPDEST DUP DUP LT ISZERO PUSH JUMPI DUP DUP ADD MLOAD DUP DUP ADD MSTORE PUSH DUP ADD SWAP POP PUSH JUMP JUMPDEST POP POP POP POP SWAP POP SWAP DUP ADD SWAP PUSH AND DUP ISZERO PUSH JUMPI DUP DUP SUB DUP MLOAD PUSH DUP PUSH SUB PUSH EXP SUB NOT AND DUP MSTORE PUSH ADD SWAP POP JUMPDEST POP SWAP POP POP PUSH PUSH MLOAD DUP DUP SUB DUP DUP GAS DELEGATECALL SWAP POP POP POP POP POP JUMP STOP,3
500061.txt,PUSH PUSH MSTORE CALLVALUE DUP ISZERO PUSH JUMPI PUSH DUP REVERT JUMPDEST POP PUSH DUP PUSH PUSH CODECOPY PUSH RETURN STOP PUSH PUSH MSTORE PUSH CALLDATASIZE LT PUSH JUMPI PUSH CALLDATALOAD PUSH SWAP DIV PUSH AND DUP PUSH EQ PUSH JUMPI JUMPDEST PUSH DUP REVERT JUMPDEST CALLVALUE DUP ISZERO PUSH JUMPI PUSH DUP REVERT JUMPDEST POP PUSH PUSH DUP CALLDATASIZE SUB DUP ADD SWAP DUP DUP CALLDATALOAD PUSH AND SWAP PUSH ADD SWAP SWAP SWAP SWAP POP POP POP PUSH JUMP JUMPDEST STOP JUMPDEST PUSH DUP CALLDATASIZE PUSH DUP GAS DELEGATECALL RETURNDATASIZE PUSH DUP RETURNDATACOPY POP POP JUMP STOP,3
500071.txt,PUSH PUSH MSTORE CALLVALUE DUP ISZERO PUSH JUMPI PUSH DUP REVERT JUMPDEST POP PUSH DUP PUSH PUSH CODECOPY PUSH RETURN STOP PUSH PUSH MSTORE PUSH CALLDATASIZE LT PUSH JUMPI PUSH CALLDATALOAD PUSH SWAP DIV PUSH AND DUP PUSH EQ PUSH JUMPI DUP PUSH EQ PUSH JUMPI DUP PUSH EQ PUSH JUMPI DUP PUSH EQ PUSH JUMPI JUMPDEST PUSH DUP REVERT JUMPDEST CALLVALUE DUP ISZERO PUSH JUMPI PUSH DUP REVERT JUMPDEST POP PUSH PUSH JUMP JUMPDEST PUSH MLOAD DUP DUP PUSH AND PUSH AND DUP MSTORE PUSH ADD SWAP POP POP PUSH MLOAD DUP SWAP SUB SWAP RETURN JUMPDEST CALLVALUE DUP ISZERO PUSH JUMPI PUSH DUP REVERT JUMPDEST POP PUSH PUSH JUMP JUMPDEST PUSH MLOAD DUP DUP DUP MSTORE PUSH ADD SWAP POP POP PUSH MLOAD DUP SWAP SUB SWAP RETURN JUMPDEST CALLVALUE DUP ISZERO PUSH JUMPI PUSH DUP REVERT JUMPDEST POP PUSH PUSH JUMP JUMPDEST STOP JUMPDEST CALLVALUE DUP ISZERO PUSH JUMPI PUSH DUP REVERT JUMPDEST POP PUSH PUSH JUMP JUMPDEST PUSH MLOAD DUP DUP DUP MSTORE PUSH ADD SWAP POP POP PUSH MLOAD DUP SWAP SUB SWAP RETURN JUMPDEST PUSH DUP SWAP SLOAD SWAP PUSH EXP SWAP DIV PUSH AND DUP JUMP JUMPDEST PUSH SLOAD DUP JUMP JUMPDEST PUSH PUSH PUSH DUP DUP SLOAD ADD SWAP POP POP DUP SWAP SSTORE POP PUSH DUP SWAP SLOAD SWAP PUSH EXP SWAP DIV PUSH AND PUSH AND PUSH MLOAD DUP DUP PUSH DUP MSTORE POP PUSH ADD SWAP POP PUSH MLOAD DUP SWAP SUB SWAP SHA3 PUSH SWAP DIV PUSH SLOAD PUSH MLOAD DUP PUSH AND PUSH MUL DUP MSTORE PUSH ADD DUP DUP DUP MSTORE PUSH ADD SWAP POP POP PUSH PUSH MLOAD DUP DUP SUB DUP DUP GAS DELEGATECALL SWAP POP POP POP ISZERO ISZERO PUSH JUMPI PUSH DUP REVERT JUMPDEST CALLER PUSH AND PUSH PUSH PUSH SLOAD MUL SWAP DUP ISZERO MUL SWAP PUSH MLOAD PUSH PUSH MLOAD DUP DUP SUB DUP DUP DUP DUP CALL SWAP POP POP POP POP ISZERO DUP ISZERO PUSH JUMPI RETURNDATASIZE PUSH DUP RETURNDATACOPY RETURNDATASIZE PUSH REVERT JUMPDEST POP JUMP JUMPDEST PUSH SLOAD DUP JUMP STOP,3
500081.txt,PUSH PUSH MSTORE CALLVALUE DUP ISZERO PUSH JUMPI PUSH DUP REVERT JUMPDEST POP PUSH DUP PUSH PUSH CODECOPY PUSH RETURN STOP PUSH PUSH MSTORE PUSH CALLDATASIZE LT PUSH JUMPI PUSH CALLDATALOAD PUSH SWAP DIV PUSH AND DUP PUSH EQ PUSH JUMPI JUMPDEST PUSH DUP REVERT JUMPDEST PUSH PUSH DUP CALLDATASIZE SUB DUP ADD SWAP DUP DUP CALLDATALOAD PUSH AND SWAP PUSH ADD SWAP SWAP SWAP SWAP DUP CALLDATALOAD SWAP PUSH ADD SWAP SWAP SWAP SWAP POP POP POP PUSH JUMP JUMPDEST STOP JUMPDEST DUP PUSH AND DUP PUSH MLOAD PUSH ADD DUP DUP DUP MSTORE PUSH ADD SWAP POP POP PUSH MLOAD PUSH DUP DUP SUB SUB DUP MSTORE SWAP PUSH MSTORE PUSH PUSH NOT AND PUSH DUP ADD DUP MLOAD PUSH DUP DUP DUP AND OR DUP MSTORE POP POP POP POP PUSH MLOAD DUP DUP DUP MLOAD SWAP PUSH ADD SWAP DUP DUP DUP PUSH JUMPDEST DUP DUP LT ISZERO PUSH JUMPI DUP DUP ADD MLOAD DUP DUP ADD MSTORE PUSH DUP ADD SWAP POP PUSH JUMP JUMPDEST POP POP POP POP SWAP POP SWAP DUP ADD SWAP PUSH AND DUP ISZERO PUSH JUMPI DUP DUP SUB DUP MLOAD PUSH DUP PUSH SUB PUSH EXP SUB NOT AND DUP MSTORE PUSH ADD SWAP POP JUMPDEST POP SWAP POP POP PUSH PUSH MLOAD DUP DUP SUB DUP DUP GAS DELEGATECALL SWAP POP POP POP POP POP JUMP STOP,3
500101.txt,PUSH PUSH MSTORE CALLVALUE DUP ISZERO PUSH JUMPI PUSH DUP REVERT JUMPDEST POP PUSH DUP PUSH PUSH CODECOPY PUSH RETURN STOP PUSH PUSH MSTORE PUSH CALLDATASIZE LT PUSH JUMPI PUSH CALLDATALOAD PUSH SWAP DIV PUSH AND DUP PUSH EQ PUSH JUMPI JUMPDEST PUSH DUP REVERT JUMPDEST CALLVALUE DUP ISZERO PUSH JUMPI PUSH DUP REVERT JUMPDEST POP PUSH PUSH DUP CALLDATASIZE SUB DUP ADD SWAP DUP DUP CALLDATALOAD PUSH AND SWAP PUSH ADD SWAP SWAP SWAP SWAP DUP CALLDATALOAD SWAP PUSH ADD SWAP SWAP SWAP SWAP POP POP POP PUSH JUMP JUMPDEST STOP JUMPDEST DUP PUSH AND PUSH MLOAD DUP DUP PUSH DUP MSTORE POP PUSH ADD SWAP POP PUSH MLOAD DUP SWAP SUB SWAP SHA3 PUSH SWAP DIV DUP PUSH MLOAD DUP PUSH AND PUSH MUL DUP MSTORE PUSH ADD DUP DUP DUP MSTORE PUSH ADD SWAP POP POP PUSH PUSH MLOAD DUP DUP SUB DUP DUP GAS DELEGATECALL SWAP POP POP POP ISZERO ISZERO PUSH JUMPI PUSH DUP REVERT JUMPDEST POP POP JUMP STOP,3
500191.txt,PUSH PUSH MSTORE CALLVALUE DUP ISZERO PUSH JUMPI PUSH DUP REVERT JUMPDEST POP PUSH DUP PUSH PUSH CODECOPY PUSH RETURN STOP PUSH PUSH MSTORE PUSH CALLDATASIZE LT PUSH JUMPI PUSH CALLDATALOAD PUSH SWAP DIV PUSH AND DUP PUSH EQ PUSH JUMPI JUMPDEST PUSH DUP REVERT JUMPDEST CALLVALUE DUP ISZERO PUSH JUMPI PUSH DUP REVERT JUMPDEST POP PUSH PUSH DUP CALLDATASIZE SUB DUP ADD SWAP DUP DUP CALLDATALOAD PUSH AND SWAP PUSH ADD SWAP SWAP SWAP SWAP DUP CALLDATALOAD SWAP PUSH ADD SWAP SWAP SWAP SWAP POP POP POP PUSH JUMP JUMPDEST STOP JUMPDEST DUP PUSH AND PUSH MLOAD DUP DUP PUSH DUP MSTORE POP PUSH ADD SWAP POP PUSH MLOAD DUP SWAP SUB SWAP SHA3 PUSH SWAP DIV DUP PUSH MLOAD DUP PUSH AND PUSH MUL DUP MSTORE PUSH ADD DUP DUP DUP MSTORE PUSH ADD SWAP POP POP PUSH PUSH MLOAD DUP DUP SUB DUP DUP GAS DELEGATECALL SWAP POP POP POP POP POP POP JUMP STOP,3
500201.txt,PUSH PUSH MSTORE CALLVALUE DUP ISZERO PUSH JUMPI PUSH DUP REVERT JUMPDEST POP PUSH DUP PUSH PUSH CODECOPY PUSH RETURN STOP PUSH PUSH MSTORE PUSH CALLDATASIZE LT PUSH JUMPI PUSH CALLDATALOAD PUSH SWAP DIV PUSH AND DUP PUSH EQ PUSH JUMPI DUP PUSH EQ PUSH JUMPI DUP PUSH EQ PUSH JUMPI JUMPDEST PUSH DUP REVERT JUMPDEST CALLVALUE DUP ISZERO PUSH JUMPI PUSH DUP REVERT JUMPDEST POP PUSH PUSH JUMP JUMPDEST STOP JUMPDEST CALLVALUE DUP ISZERO PUSH JUMPI PUSH DUP REVERT JUMPDEST POP PUSH PUSH JUMP JUMPDEST PUSH MLOAD DUP DUP PUSH AND PUSH AND DUP MSTORE PUSH ADD SWAP POP POP PUSH MLOAD DUP SWAP SUB SWAP RETURN JUMPDEST CALLVALUE DUP ISZERO PUSH JUMPI PUSH DUP REVERT JUMPDEST POP PUSH PUSH DUP CALLDATASIZE SUB DUP ADD SWAP DUP DUP CALLDATALOAD PUSH AND SWAP PUSH ADD SWAP SWAP SWAP SWAP POP POP POP PUSH JUMP JUMPDEST STOP JUMPDEST PUSH DUP SWAP SLOAD SWAP PUSH EXP SWAP DIV PUSH AND PUSH AND PUSH MLOAD DUP DUP PUSH DUP MSTORE POP PUSH ADD SWAP POP PUSH MLOAD DUP SWAP SUB SWAP SHA3 PUSH SWAP DIV PUSH MLOAD DUP PUSH AND PUSH MUL DUP MSTORE PUSH ADD PUSH PUSH MLOAD DUP DUP SUB DUP DUP GAS DELEGATECALL SWAP POP POP POP POP JUMP JUMPDEST PUSH DUP SWAP SLOAD SWAP PUSH EXP SWAP DIV PUSH AND DUP JUMP JUMPDEST DUP PUSH DUP PUSH EXP DUP SLOAD DUP PUSH MUL NOT AND SWAP DUP PUSH AND MUL OR SWAP SSTORE POP POP JUMP STOP,3
500211.txt,PUSH PUSH MSTORE CALLVALUE DUP ISZERO PUSH JUMPI PUSH DUP REVERT JUMPDEST POP PUSH DUP PUSH PUSH CODECOPY PUSH RETURN STOP PUSH PUSH MSTORE PUSH CALLDATASIZE LT PUSH JUMPI PUSH CALLDATALOAD PUSH SWAP DIV PUSH AND DUP PUSH EQ PUSH JUMPI JUMPDEST PUSH DUP REVERT JUMPDEST CALLVALUE DUP ISZERO PUSH JUMPI PUSH DUP REVERT JUMPDEST POP PUSH PUSH DUP CALLDATASIZE SUB DUP ADD SWAP DUP DUP CALLDATALOAD PUSH AND SWAP PUSH ADD SWAP SWAP SWAP SWAP DUP CALLDATALOAD SWAP PUSH ADD SWAP SWAP SWAP SWAP DUP CALLDATALOAD SWAP PUSH ADD SWAP SWAP SWAP SWAP POP POP POP PUSH JUMP JUMPDEST PUSH MLOAD DUP DUP DUP MSTORE PUSH ADD SWAP POP POP PUSH MLOAD DUP SWAP SUB SWAP RETURN JUMPDEST PUSH DUP PUSH AND DUP DUP PUSH MLOAD PUSH ADD DUP DUP DUP MSTORE PUSH ADD DUP DUP MSTORE PUSH ADD SWAP POP POP POP PUSH MLOAD PUSH DUP DUP SUB SUB DUP MSTORE SWAP PUSH MSTORE PUSH PUSH NOT AND PUSH DUP ADD DUP MLOAD PUSH DUP DUP DUP AND OR DUP MSTORE POP POP POP POP PUSH MLOAD DUP DUP DUP MLOAD SWAP PUSH ADD SWAP DUP DUP DUP PUSH JUMPDEST DUP DUP LT ISZERO PUSH JUMPI DUP DUP ADD MLOAD DUP DUP ADD MSTORE PUSH DUP ADD SWAP POP PUSH JUMP JUMPDEST POP POP POP POP SWAP POP SWAP DUP ADD SWAP PUSH AND DUP ISZERO PUSH JUMPI DUP DUP SUB DUP MLOAD PUSH DUP PUSH SUB PUSH EXP SUB NOT AND DUP MSTORE PUSH ADD SWAP POP JUMPDEST POP SWAP POP POP PUSH PUSH MLOAD DUP DUP SUB DUP DUP GAS DELEGATECALL SWAP POP POP POP SWAP SWAP POP POP POP JUMP STOP,3
500231.txt,PUSH PUSH MSTORE CALLVALUE DUP ISZERO PUSH JUMPI PUSH DUP REVERT JUMPDEST POP PUSH DUP PUSH PUSH CODECOPY PUSH RETURN STOP PUSH PUSH MSTORE PUSH CALLDATASIZE LT PUSH JUMPI PUSH CALLDATALOAD PUSH SWAP DIV PUSH AND DUP PUSH EQ PUSH JUMPI JUMPDEST PUSH DUP REVERT JUMPDEST CALLVALUE DUP ISZERO PUSH JUMPI PUSH DUP REVERT JUMPDEST POP PUSH PUSH DUP CALLDATASIZE SUB DUP ADD SWAP DUP DUP CALLDATALOAD PUSH AND SWAP PUSH ADD SWAP SWAP SWAP SWAP DUP CALLDATALOAD SWAP PUSH ADD SWAP SWAP SWAP SWAP POP POP POP PUSH JUMP JUMPDEST STOP JUMPDEST DUP PUSH AND PUSH MLOAD DUP DUP PUSH DUP MSTORE POP PUSH ADD SWAP POP PUSH MLOAD DUP SWAP SUB SWAP SHA3 PUSH SWAP DIV DUP PUSH MLOAD DUP PUSH AND PUSH MUL DUP MSTORE PUSH ADD DUP DUP DUP MSTORE PUSH ADD SWAP POP POP PUSH PUSH MLOAD DUP DUP SUB DUP DUP GAS DELEGATECALL SWAP POP POP POP POP POP POP JUMP STOP,3
500251.txt,PUSH PUSH MSTORE CALLVALUE DUP ISZERO PUSH JUMPI PUSH DUP REVERT JUMPDEST POP PUSH DUP PUSH PUSH CODECOPY PUSH RETURN STOP PUSH PUSH MSTORE PUSH CALLDATASIZE LT PUSH JUMPI PUSH CALLDATALOAD PUSH SWAP DIV PUSH AND DUP PUSH EQ PUSH JUMPI JUMPDEST PUSH DUP REVERT JUMPDEST CALLVALUE DUP ISZERO PUSH JUMPI PUSH DUP REVERT JUMPDEST POP PUSH PUSH DUP CALLDATASIZE SUB DUP ADD SWAP DUP DUP CALLDATALOAD SWAP PUSH ADD SWAP DUP ADD DUP CALLDATALOAD SWAP PUSH ADD SWAP DUP DUP PUSH ADD PUSH DUP SWAP DIV MUL PUSH ADD PUSH MLOAD SWAP DUP ADD PUSH MSTORE DUP SWAP SWAP SWAP SWAP DUP DUP MSTORE PUSH ADD DUP DUP DUP DUP DUP CALLDATACOPY DUP ADD SWAP POP POP POP POP POP POP SWAP SWAP SWAP SWAP SWAP POP POP POP PUSH JUMP JUMPDEST STOP JUMPDEST PUSH DUP SWAP SLOAD SWAP PUSH EXP SWAP DIV PUSH AND PUSH AND DUP PUSH MLOAD DUP DUP DUP MLOAD SWAP PUSH ADD SWAP DUP DUP DUP PUSH JUMPDEST DUP DUP LT ISZERO PUSH JUMPI DUP DUP ADD MLOAD DUP DUP ADD MSTORE PUSH DUP ADD SWAP POP PUSH JUMP JUMPDEST POP POP POP POP SWAP POP SWAP DUP ADD SWAP PUSH AND DUP ISZERO PUSH JUMPI DUP DUP SUB DUP MLOAD PUSH DUP PUSH SUB PUSH EXP SUB NOT AND DUP MSTORE PUSH ADD SWAP POP JUMPDEST POP SWAP POP POP PUSH PUSH MLOAD DUP DUP SUB DUP DUP GAS DELEGATECALL SWAP POP POP ISZERO ISZERO PUSH JUMPI PUSH DUP REVERT JUMPDEST POP JUMP STOP,3
70031.txt,PUSH PUSH MSTORE CALLVALUE DUP ISZERO PUSH JUMPI PUSH DUP REVERT JUMPDEST POP PUSH DUP PUSH PUSH CODECOPY PUSH RETURN STOP PUSH PUSH MSTORE PUSH CALLDATASIZE LT PUSH JUMPI PUSH CALLDATALOAD PUSH SWAP DIV PUSH AND DUP PUSH EQ PUSH JUMPI JUMPDEST PUSH DUP REVERT JUMPDEST CALLVALUE DUP ISZERO PUSH JUMPI PUSH DUP REVERT JUMPDEST POP PUSH PUSH DUP CALLDATASIZE SUB DUP ADD SWAP DUP DUP CALLDATALOAD PUSH AND SWAP PUSH ADD SWAP SWAP SWAP SWAP POP POP POP PUSH JUMP JUMPDEST PUSH MLOAD DUP DUP ISZERO ISZERO ISZERO ISZERO DUP MSTORE PUSH ADD SWAP POP POP PUSH MLOAD DUP SWAP SUB SWAP RETURN JUMPDEST PUSH DUP PUSH AND PUSH CALLDATASIZE PUSH MLOAD DUP DUP DUP DUP DUP DUP CALLDATACOPY DUP ADD SWAP POP POP SWAP POP POP POP PUSH PUSH MLOAD DUP DUP SUB DUP DUP GAS DELEGATECALL SWAP POP POP SWAP POP SWAP SWAP POP JUMP STOP,3
500381.txt,PUSH PUSH MSTORE CALLVALUE DUP ISZERO PUSH JUMPI PUSH DUP REVERT JUMPDEST POP PUSH DUP PUSH PUSH CODECOPY PUSH RETURN STOP PUSH PUSH MSTORE PUSH CALLDATASIZE LT PUSH JUMPI PUSH CALLDATALOAD PUSH SWAP DIV PUSH AND DUP PUSH EQ PUSH JUMPI JUMPDEST PUSH DUP REVERT JUMPDEST CALLVALUE DUP ISZERO PUSH JUMPI PUSH DUP REVERT JUMPDEST POP PUSH PUSH DUP CALLDATASIZE SUB DUP ADD SWAP DUP DUP CALLDATALOAD PUSH AND SWAP PUSH ADD SWAP SWAP SWAP SWAP DUP CALLDATALOAD SWAP PUSH ADD SWAP SWAP SWAP SWAP POP POP POP PUSH JUMP JUMPDEST PUSH MLOAD DUP DUP ISZERO ISZERO ISZERO ISZERO DUP MSTORE PUSH ADD SWAP POP POP PUSH MLOAD DUP SWAP SUB SWAP RETURN JUMPDEST PUSH DUP PUSH AND DUP PUSH MLOAD DUP DUP DUP MSTORE PUSH ADD SWAP POP POP PUSH PUSH MLOAD DUP DUP SUB DUP DUP GAS DELEGATECALL SWAP POP POP SWAP POP SWAP SWAP POP POP JUMP STOP,3
20041.txt,PUSH PUSH MSTORE CALLVALUE DUP ISZERO PUSH JUMPI PUSH DUP REVERT JUMPDEST POP PUSH DUP PUSH PUSH CODECOPY PUSH RETURN STOP PUSH PUSH MSTORE PUSH CALLDATASIZE LT PUSH JUMPI PUSH CALLDATALOAD PUSH SWAP DIV PUSH AND DUP PUSH EQ PUSH JUMPI JUMPDEST PUSH DUP REVERT JUMPDEST PUSH PUSH JUMP JUMPDEST STOP JUMPDEST PUSH DUP PUSH CALLDATASIZE PUSH DUP PUSH NOT DELEGATECALL DUP PUSH DUP EQ PUSH JUMPI RETURNDATASIZE PUSH RETURN JUMPDEST RETURNDATASIZE PUSH REVERT STOP,3
500541.txt,PUSH PUSH MSTORE PUSH PUSH SSTORE CALLVALUE DUP ISZERO PUSH JUMPI PUSH DUP REVERT JUMPDEST POP PUSH DUP PUSH PUSH CODECOPY PUSH RETURN STOP PUSH PUSH MSTORE PUSH CALLDATASIZE LT PUSH JUMPI PUSH CALLDATALOAD PUSH SWAP DIV PUSH AND DUP PUSH EQ PUSH JUMPI DUP PUSH EQ PUSH JUMPI JUMPDEST PUSH DUP REVERT JUMPDEST CALLVALUE DUP ISZERO PUSH JUMPI PUSH DUP REVERT JUMPDEST POP PUSH PUSH JUMP JUMPDEST PUSH MLOAD DUP DUP DUP MSTORE PUSH ADD SWAP POP POP PUSH MLOAD DUP SWAP SUB SWAP RETURN JUMPDEST PUSH PUSH DUP CALLDATASIZE SUB DUP ADD SWAP DUP DUP CALLDATALOAD PUSH AND SWAP PUSH ADD SWAP SWAP SWAP SWAP POP POP POP PUSH JUMP JUMPDEST STOP JUMPDEST PUSH SLOAD DUP JUMP JUMPDEST PUSH SLOAD CALLVALUE GT ISZERO PUSH JUMPI DUP PUSH AND PUSH MLOAD DUP DUP PUSH DUP MSTORE POP PUSH ADD SWAP POP PUSH MLOAD DUP SWAP SUB SWAP SHA3 PUSH SWAP DIV PUSH MLOAD DUP PUSH AND PUSH MUL DUP MSTORE PUSH ADD PUSH PUSH MLOAD DUP DUP SUB DUP DUP GAS DELEGATECALL SWAP POP POP POP POP JUMPDEST POP JUMP STOP,3
500561.txt,PUSH PUSH MSTORE CALLVALUE DUP ISZERO PUSH JUMPI PUSH DUP REVERT JUMPDEST POP PUSH DUP PUSH PUSH CODECOPY PUSH RETURN STOP PUSH PUSH MSTORE PUSH CALLDATASIZE LT PUSH JUMPI PUSH CALLDATALOAD PUSH SWAP DIV PUSH AND DUP PUSH EQ PUSH JUMPI JUMPDEST PUSH DUP REVERT JUMPDEST CALLVALUE DUP ISZERO PUSH JUMPI PUSH DUP REVERT JUMPDEST POP PUSH PUSH DUP CALLDATASIZE SUB DUP ADD SWAP DUP DUP CALLDATALOAD PUSH AND SWAP PUSH ADD SWAP SWAP SWAP SWAP DUP CALLDATALOAD PUSH NOT AND SWAP PUSH ADD SWAP SWAP SWAP SWAP POP POP POP PUSH JUMP JUMPDEST STOP JUMPDEST DUP PUSH AND DUP PUSH MLOAD DUP DUP PUSH NOT AND PUSH NOT AND DUP MSTORE PUSH ADD SWAP POP POP PUSH PUSH MLOAD DUP DUP SUB DUP DUP GAS DELEGATECALL SWAP POP POP ISZERO ISZERO PUSH JUMPI PUSH DUP REVERT JUMPDEST POP POP JUMP STOP,3
500571.txt,PUSH PUSH MSTORE CALLVALUE DUP ISZERO PUSH JUMPI PUSH DUP REVERT JUMPDEST POP PUSH DUP PUSH PUSH CODECOPY PUSH RETURN STOP PUSH PUSH MSTORE PUSH CALLDATASIZE LT PUSH JUMPI PUSH CALLDATALOAD PUSH SWAP DIV PUSH AND DUP PUSH EQ PUSH JUMPI JUMPDEST PUSH DUP REVERT JUMPDEST PUSH PUSH DUP CALLDATASIZE SUB DUP ADD SWAP DUP DUP CALLDATALOAD PUSH AND SWAP PUSH ADD SWAP SWAP SWAP SWAP POP POP POP PUSH JUMP JUMPDEST PUSH MLOAD DUP DUP ISZERO ISZERO ISZERO ISZERO DUP MSTORE PUSH ADD SWAP POP POP PUSH MLOAD DUP SWAP SUB SWAP RETURN JUMPDEST PUSH DUP PUSH AND PUSH CALLDATASIZE PUSH MLOAD DUP DUP DUP DUP DUP DUP CALLDATACOPY DUP ADD SWAP POP POP SWAP POP POP POP PUSH PUSH MLOAD DUP DUP SUB DUP DUP GAS DELEGATECALL SWAP POP POP ISZERO ISZERO PUSH JUMPI PUSH SWAP POP PUSH JUMP JUMPDEST PUSH SWAP POP JUMPDEST SWAP SWAP POP JUMP STOP,3
500591.txt,PUSH PUSH MSTORE CALLVALUE DUP ISZERO PUSH JUMPI PUSH DUP REVERT JUMPDEST POP PUSH DUP PUSH PUSH CODECOPY PUSH RETURN STOP PUSH PUSH MSTORE PUSH CALLDATASIZE LT PUSH JUMPI PUSH CALLDATALOAD PUSH SWAP DIV PUSH AND DUP PUSH EQ PUSH JUMPI JUMPDEST PUSH DUP REVERT JUMPDEST CALLVALUE DUP ISZERO PUSH JUMPI PUSH DUP REVERT JUMPDEST POP PUSH PUSH DUP CALLDATASIZE SUB DUP ADD SWAP DUP DUP CALLDATALOAD PUSH AND SWAP PUSH ADD SWAP SWAP SWAP SWAP POP POP POP PUSH JUMP JUMPDEST STOP JUMPDEST PUSH CALLVALUE GT ISZERO PUSH JUMPI DUP PUSH AND CALLVALUE PUSH MLOAD DUP DUP DUP MSTORE PUSH ADD SWAP POP POP PUSH PUSH MLOAD DUP DUP SUB DUP DUP GAS DELEGATECALL SWAP POP POP POP PUSH JUMP JUMPDEST PUSH DUP REVERT JUMPDEST POP JUMP STOP,3
402041.txt,PUSH PUSH MSTORE CALLVALUE DUP ISZERO PUSH JUMPI PUSH DUP REVERT JUMPDEST POP PUSH DUP PUSH PUSH CODECOPY PUSH RETURN STOP PUSH PUSH MSTORE PUSH CALLDATASIZE LT PUSH JUMPI PUSH CALLDATALOAD PUSH SWAP DIV PUSH AND DUP PUSH EQ PUSH JUMPI JUMPDEST PUSH DUP REVERT JUMPDEST CALLVALUE DUP ISZERO PUSH JUMPI PUSH DUP REVERT JUMPDEST POP PUSH PUSH DUP CALLDATASIZE SUB DUP ADD SWAP DUP DUP CALLDATALOAD PUSH AND SWAP PUSH ADD SWAP SWAP SWAP SWAP DUP CALLDATALOAD PUSH NOT AND SWAP PUSH ADD SWAP SWAP SWAP SWAP POP POP POP PUSH JUMP JUMPDEST STOP JUMPDEST PUSH DUP PUSH NOT AND EQ ISZERO PUSH JUMPI PUSH DUP REVERT JUMPDEST DUP PUSH AND DUP PUSH MLOAD DUP DUP PUSH NOT AND PUSH NOT AND DUP MSTORE PUSH ADD SWAP POP POP PUSH PUSH MLOAD DUP DUP SUB DUP DUP GAS DELEGATECALL SWAP POP POP ISZERO ISZERO PUSH JUMPI PUSH DUP REVERT JUMPDEST POP POP JUMP STOP,3
20251.txt,PUSH PUSH MSTORE CALLVALUE DUP ISZERO PUSH JUMPI PUSH DUP REVERT JUMPDEST POP PUSH DUP PUSH PUSH CODECOPY PUSH RETURN STOP PUSH PUSH MSTORE PUSH CALLDATASIZE LT PUSH JUMPI PUSH CALLDATALOAD PUSH SWAP DIV PUSH AND DUP PUSH EQ PUSH JUMPI DUP PUSH EQ PUSH JUMPI JUMPDEST PUSH DUP REVERT JUMPDEST CALLVALUE DUP ISZERO PUSH JUMPI PUSH DUP REVERT JUMPDEST POP PUSH PUSH JUMP JUMPDEST STOP JUMPDEST CALLVALUE DUP ISZERO PUSH JUMPI PUSH DUP REVERT JUMPDEST POP PUSH PUSH DUP CALLDATASIZE SUB DUP ADD SWAP DUP DUP CALLDATALOAD PUSH NOT AND SWAP PUSH ADD SWAP SWAP SWAP SWAP POP POP POP PUSH JUMP JUMPDEST PUSH MLOAD DUP DUP PUSH AND PUSH AND DUP MSTORE PUSH ADD SWAP POP POP PUSH MLOAD DUP SWAP SUB SWAP RETURN JUMPDEST PUSH DUP DUP CALLDATALOAD PUSH AND PUSH NOT AND PUSH NOT AND DUP MSTORE PUSH ADD SWAP DUP MSTORE PUSH ADD PUSH SHA3 PUSH SWAP SLOAD SWAP PUSH EXP SWAP DIV PUSH AND PUSH AND PUSH CALLDATASIZE PUSH MLOAD DUP DUP DUP DUP DUP DUP CALLDATACOPY DUP ADD SWAP POP POP SWAP POP POP POP PUSH PUSH MLOAD DUP DUP SUB DUP DUP GAS DELEGATECALL SWAP POP POP ISZERO ISZERO PUSH JUMPI PUSH DUP REVERT JUMPDEST JUMP JUMPDEST PUSH PUSH MSTORE DUP PUSH MSTORE PUSH PUSH SHA3 PUSH SWAP POP SLOAD SWAP PUSH EXP SWAP DIV PUSH AND DUP JUMP STOP,3
60431.txt,PUSH PUSH MSTORE CALLVALUE DUP ISZERO PUSH JUMPI PUSH DUP REVERT JUMPDEST POP PUSH DUP PUSH PUSH CODECOPY PUSH RETURN STOP PUSH PUSH MSTORE PUSH CALLDATASIZE LT PUSH JUMPI PUSH CALLDATALOAD PUSH SWAP DIV PUSH AND DUP PUSH EQ PUSH JUMPI JUMPDEST PUSH DUP REVERT JUMPDEST CALLVALUE DUP ISZERO PUSH JUMPI PUSH DUP REVERT JUMPDEST POP PUSH PUSH JUMP JUMPDEST STOP JUMPDEST PUSH PUSH PUSH CALLDATASIZE DUP DUP PUSH ADD PUSH DUP SWAP DIV MUL PUSH ADD PUSH MLOAD SWAP DUP ADD PUSH MSTORE DUP SWAP SWAP SWAP SWAP DUP DUP MSTORE PUSH ADD DUP DUP DUP DUP DUP CALLDATACOPY DUP ADD SWAP POP POP POP POP POP POP SWAP POP DUP MLOAD PUSH DUP ADD PUSH DUP DUP DUP DUP GAS DELEGATECALL PUSH MLOAD DUP PUSH DUP EQ PUSH JUMPI RETURNDATASIZE DUP RETURN JUMPDEST PUSH DUP REVERT STOP,3
404331.txt,PUSH PUSH MSTORE CALLVALUE DUP ISZERO PUSH JUMPI PUSH DUP REVERT JUMPDEST POP PUSH DUP PUSH PUSH CODECOPY PUSH RETURN STOP PUSH PUSH MSTORE PUSH CALLDATASIZE LT PUSH JUMPI PUSH CALLDATALOAD PUSH SWAP DIV PUSH AND DUP PUSH EQ PUSH JUMPI JUMPDEST PUSH DUP REVERT JUMPDEST CALLVALUE DUP ISZERO PUSH JUMPI PUSH DUP REVERT JUMPDEST POP PUSH PUSH DUP CALLDATASIZE SUB DUP ADD SWAP DUP DUP CALLDATALOAD SWAP PUSH ADD SWAP SWAP SWAP SWAP POP POP POP PUSH JUMP JUMPDEST STOP JUMPDEST ADDRESS PUSH AND PUSH PUSH DUP SUB PUSH MLOAD DUP PUSH AND PUSH MUL DUP MSTORE PUSH ADD DUP DUP DUP MSTORE PUSH ADD SWAP POP POP PUSH PUSH MLOAD DUP DUP SUB DUP DUP GAS DELEGATECALL SWAP POP POP POP ISZERO ISZERO PUSH JUMPI PUSH DUP REVERT JUMPDEST POP JUMP STOP,3
60441.txt,PUSH PUSH MSTORE CALLVALUE DUP ISZERO PUSH JUMPI PUSH DUP REVERT JUMPDEST POP PUSH DUP PUSH PUSH CODECOPY PUSH RETURN STOP PUSH PUSH MSTORE PUSH CALLDATASIZE LT PUSH JUMPI PUSH CALLDATALOAD PUSH SWAP DIV PUSH AND DUP PUSH EQ PUSH JUMPI JUMPDEST PUSH DUP REVERT JUMPDEST CALLVALUE DUP ISZERO PUSH JUMPI PUSH DUP REVERT JUMPDEST POP PUSH PUSH JUMP JUMPDEST STOP JUMPDEST PUSH PUSH PUSH CALLDATASIZE DUP DUP PUSH ADD PUSH DUP SWAP DIV MUL PUSH ADD PUSH MLOAD SWAP DUP ADD PUSH MSTORE DUP SWAP SWAP SWAP SWAP DUP DUP MSTORE PUSH ADD DUP DUP DUP DUP DUP CALLDATACOPY DUP ADD SWAP POP POP POP POP POP POP SWAP POP DUP MLOAD PUSH DUP ADD PUSH DUP DUP DUP DUP GAS DELEGATECALL POP POP POP POP POP JUMP STOP,3
106151.txt,PUSH PUSH MSTORE CALLVALUE DUP ISZERO PUSH JUMPI PUSH DUP REVERT JUMPDEST POP PUSH DUP PUSH PUSH CODECOPY PUSH RETURN STOP PUSH PUSH MSTORE PUSH CALLDATASIZE LT PUSH JUMPI PUSH CALLDATALOAD PUSH SWAP DIV PUSH AND DUP PUSH EQ PUSH JUMPI JUMPDEST PUSH DUP REVERT JUMPDEST PUSH PUSH DUP CALLDATASIZE SUB DUP ADD SWAP DUP DUP CALLDATALOAD PUSH AND SWAP PUSH ADD SWAP SWAP SWAP SWAP DUP CALLDATALOAD SWAP PUSH ADD SWAP DUP ADD DUP CALLDATALOAD SWAP PUSH ADD SWAP DUP DUP PUSH ADD PUSH DUP SWAP DIV MUL PUSH ADD PUSH MLOAD SWAP DUP ADD PUSH MSTORE DUP SWAP SWAP SWAP SWAP DUP DUP MSTORE PUSH ADD DUP DUP DUP DUP DUP CALLDATACOPY DUP ADD SWAP POP POP POP POP POP POP SWAP SWAP SWAP SWAP SWAP POP POP POP PUSH JUMP JUMPDEST STOP JUMPDEST DUP PUSH AND DUP PUSH MLOAD DUP DUP DUP MLOAD SWAP PUSH ADD SWAP DUP DUP DUP PUSH JUMPDEST DUP DUP LT ISZERO PUSH JUMPI DUP DUP ADD MLOAD DUP DUP ADD MSTORE PUSH DUP ADD SWAP POP PUSH JUMP JUMPDEST POP POP POP POP SWAP POP SWAP DUP ADD SWAP PUSH AND DUP ISZERO PUSH JUMPI DUP DUP SUB DUP MLOAD PUSH DUP PUSH SUB PUSH EXP SUB NOT AND DUP MSTORE PUSH ADD SWAP POP JUMPDEST POP SWAP POP POP PUSH PUSH MLOAD DUP DUP SUB DUP DUP GAS DELEGATECALL SWAP POP POP ISZERO ISZERO PUSH JUMPI PUSH DUP REVERT JUMPDEST POP POP JUMP STOP,3
106741.txt,PUSH PUSH MSTORE CALLVALUE DUP ISZERO PUSH JUMPI PUSH DUP REVERT JUMPDEST POP PUSH DUP PUSH PUSH CODECOPY PUSH RETURN STOP PUSH PUSH MSTORE PUSH CALLDATASIZE LT PUSH JUMPI PUSH CALLDATALOAD PUSH SWAP DIV PUSH AND DUP PUSH EQ PUSH JUMPI JUMPDEST PUSH DUP REVERT JUMPDEST CALLVALUE DUP ISZERO PUSH JUMPI PUSH DUP REVERT JUMPDEST POP PUSH PUSH DUP CALLDATASIZE SUB DUP ADD SWAP DUP DUP CALLDATALOAD PUSH AND SWAP PUSH ADD SWAP SWAP SWAP SWAP DUP CALLDATALOAD SWAP PUSH ADD SWAP SWAP SWAP SWAP POP POP POP PUSH JUMP JUMPDEST PUSH MLOAD DUP DUP ISZERO ISZERO ISZERO ISZERO DUP MSTORE PUSH ADD SWAP POP POP PUSH MLOAD DUP SWAP SUB SWAP RETURN JUMPDEST PUSH DUP PUSH AND PUSH MLOAD DUP DUP PUSH DUP MSTORE POP PUSH ADD SWAP POP PUSH MLOAD DUP SWAP SUB SWAP SHA3 PUSH SWAP DIV DUP PUSH MLOAD DUP PUSH AND PUSH MUL DUP MSTORE PUSH ADD DUP DUP DUP MSTORE PUSH ADD SWAP POP POP PUSH PUSH MLOAD DUP DUP SUB DUP DUP GAS DELEGATECALL SWAP POP POP POP ISZERO ISZERO PUSH JUMPI PUSH DUP REVERT JUMPDEST PUSH SWAP POP SWAP SWAP POP POP JUMP STOP,3
106751.txt,PUSH PUSH MSTORE CALLVALUE DUP ISZERO PUSH JUMPI PUSH DUP REVERT JUMPDEST POP PUSH DUP PUSH PUSH CODECOPY PUSH RETURN STOP PUSH PUSH MSTORE PUSH CALLDATASIZE LT PUSH JUMPI PUSH CALLDATALOAD PUSH SWAP DIV PUSH AND DUP PUSH EQ PUSH JUMPI JUMPDEST PUSH DUP REVERT JUMPDEST CALLVALUE DUP ISZERO PUSH JUMPI PUSH DUP REVERT JUMPDEST POP PUSH PUSH DUP CALLDATASIZE SUB DUP ADD SWAP DUP DUP CALLDATALOAD SWAP PUSH ADD SWAP SWAP SWAP SWAP POP POP POP PUSH JUMP JUMPDEST PUSH MLOAD DUP DUP ISZERO ISZERO ISZERO ISZERO DUP MSTORE PUSH ADD SWAP POP POP PUSH MLOAD DUP SWAP SUB SWAP RETURN JUMPDEST PUSH DUP PUSH SWAP SLOAD SWAP PUSH EXP SWAP DIV PUSH AND PUSH AND PUSH MLOAD DUP DUP PUSH DUP MSTORE POP PUSH ADD SWAP POP PUSH MLOAD DUP SWAP SUB SWAP SHA3 PUSH SWAP DIV DUP PUSH MLOAD DUP PUSH AND PUSH MUL DUP MSTORE PUSH ADD DUP DUP DUP MSTORE PUSH ADD SWAP POP POP PUSH PUSH MLOAD DUP DUP SUB DUP DUP GAS DELEGATECALL SWAP POP POP POP ISZERO ISZERO PUSH JUMPI PUSH DUP REVERT JUMPDEST PUSH SWAP POP SWAP SWAP POP JUMP STOP,3
107261.txt,PUSH PUSH MSTORE CALLVALUE DUP ISZERO PUSH JUMPI PUSH DUP REVERT JUMPDEST POP PUSH DUP PUSH PUSH CODECOPY PUSH RETURN STOP PUSH PUSH MSTORE PUSH CALLDATASIZE LT PUSH JUMPI PUSH CALLDATALOAD PUSH SWAP DIV PUSH AND DUP PUSH EQ PUSH JUMPI JUMPDEST PUSH DUP REVERT JUMPDEST CALLVALUE DUP ISZERO PUSH JUMPI PUSH DUP REVERT JUMPDEST POP PUSH PUSH DUP CALLDATASIZE SUB DUP ADD SWAP DUP DUP CALLDATALOAD PUSH AND SWAP PUSH ADD SWAP SWAP SWAP SWAP POP POP POP PUSH JUMP JUMPDEST PUSH MLOAD DUP DUP ISZERO ISZERO ISZERO ISZERO DUP MSTORE PUSH ADD SWAP POP POP PUSH MLOAD DUP SWAP SUB SWAP RETURN JUMPDEST PUSH DUP PUSH AND PUSH MLOAD DUP DUP PUSH DUP MSTORE POP PUSH ADD SWAP POP PUSH MLOAD DUP SWAP SUB SWAP SHA3 PUSH SWAP DIV DUP PUSH MLOAD DUP PUSH AND PUSH MUL DUP MSTORE PUSH ADD DUP DUP PUSH AND PUSH AND DUP MSTORE PUSH ADD SWAP POP POP PUSH PUSH MLOAD DUP DUP SUB DUP DUP GAS DELEGATECALL SWAP POP POP POP ISZERO PUSH JUMPI PUSH SWAP POP PUSH JUMP JUMPDEST PUSH SWAP POP JUMPDEST SWAP SWAP POP JUMP STOP,3
510005.txt,PUSH PUSH MSTORE CALLVALUE DUP ISZERO PUSH JUMPI PUSH DUP REVERT JUMPDEST POP PUSH DUP PUSH PUSH CODECOPY PUSH RETURN STOP PUSH PUSH MSTORE PUSH CALLDATASIZE LT PUSH JUMPI PUSH CALLDATALOAD PUSH SWAP DIV PUSH AND DUP PUSH EQ PUSH JUMPI JUMPDEST PUSH DUP REVERT JUMPDEST CALLVALUE DUP ISZERO PUSH JUMPI PUSH DUP REVERT JUMPDEST POP PUSH PUSH JUMP JUMPDEST STOP JUMPDEST PUSH DUP SWAP SLOAD SWAP PUSH EXP SWAP DIV PUSH AND PUSH AND PUSH CALLDATASIZE PUSH MLOAD DUP DUP DUP DUP DUP DUP CALLDATACOPY DUP ADD SWAP POP POP SWAP POP POP POP PUSH PUSH MLOAD DUP DUP SUB DUP DUP GAS DELEGATECALL SWAP POP POP ISZERO ISZERO PUSH JUMPI PUSH DUP REVERT JUMPDEST JUMP STOP,3
510015.txt,PUSH PUSH MSTORE CALLVALUE DUP ISZERO PUSH JUMPI PUSH DUP REVERT JUMPDEST POP PUSH DUP PUSH PUSH CODECOPY PUSH RETURN STOP PUSH PUSH MSTORE PUSH CALLDATASIZE LT PUSH JUMPI PUSH CALLDATALOAD PUSH SWAP DIV PUSH AND DUP PUSH EQ PUSH JUMPI JUMPDEST PUSH DUP REVERT JUMPDEST CALLVALUE DUP ISZERO PUSH JUMPI PUSH DUP REVERT JUMPDEST POP PUSH PUSH JUMP JUMPDEST STOP JUMPDEST PUSH DUP CALLDATASIZE SWAP POP GT ISZERO PUSH JUMPI PUSH DUP SWAP SLOAD SWAP PUSH EXP SWAP DIV PUSH AND PUSH AND PUSH CALLDATASIZE PUSH MLOAD DUP DUP DUP DUP DUP DUP CALLDATACOPY DUP ADD SWAP POP POP SWAP POP POP POP PUSH PUSH MLOAD DUP DUP SUB DUP DUP GAS DELEGATECALL SWAP POP POP POP JUMPDEST JUMP STOP,3
31231.txt,PUSH PUSH MSTORE CALLVALUE DUP ISZERO PUSH JUMPI PUSH DUP REVERT JUMPDEST POP PUSH DUP PUSH PUSH CODECOPY PUSH RETURN STOP PUSH PUSH MSTORE PUSH CALLDATASIZE LT PUSH JUMPI PUSH CALLDATALOAD PUSH SWAP DIV PUSH AND DUP PUSH EQ PUSH JUMPI JUMPDEST PUSH DUP REVERT JUMPDEST PUSH PUSH JUMP JUMPDEST STOP JUMPDEST PUSH PUSH MLOAD PUSH DUP CALLDATASIZE DUP DUP GAS DELEGATECALL DUP PUSH DUP EQ PUSH JUMPI PUSH DUP RETURN JUMPDEST PUSH DUP REVERT STOP,3
31241.txt,PUSH PUSH MSTORE CALLVALUE DUP ISZERO PUSH JUMPI PUSH DUP REVERT JUMPDEST POP PUSH DUP PUSH PUSH CODECOPY PUSH RETURN STOP PUSH PUSH MSTORE PUSH CALLDATASIZE LT PUSH JUMPI PUSH CALLDATALOAD PUSH SWAP DIV PUSH AND DUP PUSH EQ PUSH JUMPI JUMPDEST PUSH DUP REVERT JUMPDEST PUSH PUSH JUMP JUMPDEST STOP JUMPDEST PUSH PUSH MLOAD CALLDATASIZE PUSH DUP CALLDATACOPY PUSH DUP CALLDATASIZE DUP DUP GAS DELEGATECALL POP POP POP JUMP STOP,3
11381.txt,PUSH PUSH MSTORE CALLVALUE DUP ISZERO PUSH JUMPI PUSH DUP REVERT JUMPDEST POP PUSH DUP PUSH PUSH CODECOPY PUSH RETURN STOP PUSH PUSH MSTORE PUSH CALLDATASIZE LT PUSH JUMPI PUSH CALLDATALOAD PUSH SWAP DIV PUSH AND DUP PUSH EQ PUSH JUMPI JUMPDEST PUSH DUP REVERT JUMPDEST CALLVALUE DUP ISZERO PUSH JUMPI PUSH DUP REVERT JUMPDEST POP PUSH PUSH DUP CALLDATASIZE SUB DUP ADD SWAP DUP DUP CALLDATALOAD PUSH AND SWAP PUSH ADD SWAP SWAP SWAP SWAP POP POP POP PUSH JUMP JUMPDEST PUSH MLOAD DUP DUP ISZERO ISZERO ISZERO ISZERO DUP MSTORE PUSH ADD SWAP POP POP PUSH MLOAD DUP SWAP SUB SWAP RETURN JUMPDEST PUSH DUP PUSH AND PUSH MLOAD DUP DUP PUSH DUP MSTORE POP PUSH ADD SWAP POP PUSH MLOAD DUP SWAP SUB SWAP SHA3 PUSH SWAP DIV ADDRESS PUSH MLOAD DUP PUSH AND PUSH MUL DUP MSTORE PUSH ADD DUP DUP PUSH AND PUSH AND DUP MSTORE PUSH ADD SWAP POP POP PUSH PUSH MLOAD DUP DUP SUB DUP DUP GAS DELEGATECALL SWAP POP POP POP SWAP POP DUP SWAP POP SWAP SWAP POP JUMP STOP,3
3175.txt,PUSH PUSH MSTORE CALLVALUE DUP ISZERO PUSH JUMPI PUSH DUP REVERT JUMPDEST POP PUSH DUP PUSH PUSH CODECOPY PUSH RETURN STOP PUSH PUSH MSTORE PUSH CALLDATASIZE LT PUSH JUMPI PUSH CALLDATALOAD PUSH SWAP DIV PUSH AND DUP PUSH EQ PUSH JUMPI JUMPDEST PUSH DUP REVERT JUMPDEST CALLVALUE DUP ISZERO PUSH JUMPI PUSH DUP REVERT JUMPDEST POP PUSH PUSH JUMP JUMPDEST STOP JUMPDEST PUSH DUP SWAP SLOAD SWAP PUSH EXP SWAP DIV PUSH AND PUSH AND PUSH CALLDATASIZE PUSH MLOAD DUP DUP DUP DUP DUP DUP CALLDATACOPY DUP ADD SWAP POP POP SWAP POP POP POP PUSH PUSH MLOAD DUP DUP SUB DUP DUP GAS DELEGATECALL SWAP POP POP ISZERO ISZERO PUSH JUMPI PUSH DUP REVERT JUMPDEST JUMP STOP,3
221391.txt,PUSH PUSH MSTORE CALLVALUE DUP ISZERO PUSH JUMPI PUSH DUP REVERT JUMPDEST POP PUSH DUP PUSH PUSH CODECOPY PUSH RETURN STOP PUSH PUSH MSTORE PUSH CALLDATASIZE LT PUSH JUMPI PUSH CALLDATALOAD PUSH SWAP DIV PUSH AND DUP PUSH EQ PUSH JUMPI JUMPDEST PUSH DUP REVERT JUMPDEST CALLVALUE DUP ISZERO PUSH JUMPI PUSH DUP REVERT JUMPDEST POP PUSH PUSH DUP CALLDATASIZE SUB DUP ADD SWAP DUP DUP CALLDATALOAD PUSH AND SWAP PUSH ADD SWAP SWAP SWAP SWAP POP POP POP PUSH JUMP JUMPDEST STOP JUMPDEST CALLVALUE PUSH DUP DUP PUSH AND PUSH AND DUP MSTORE PUSH ADD SWAP DUP MSTORE PUSH ADD PUSH SHA3 SLOAD LT ISZERO ISZERO ISZERO PUSH JUMPI PUSH DUP REVERT JUMPDEST DUP PUSH AND CALLVALUE PUSH MLOAD DUP DUP DUP MSTORE PUSH ADD SWAP POP POP PUSH PUSH MLOAD DUP DUP SUB DUP DUP GAS DELEGATECALL SWAP POP POP POP POP JUMP STOP,3
223641.txt,PUSH PUSH MSTORE CALLVALUE DUP ISZERO PUSH JUMPI PUSH DUP REVERT JUMPDEST POP PUSH DUP PUSH PUSH CODECOPY PUSH RETURN STOP PUSH PUSH MSTORE PUSH CALLDATASIZE LT PUSH JUMPI PUSH CALLDATALOAD PUSH SWAP DIV PUSH AND DUP PUSH EQ PUSH JUMPI JUMPDEST PUSH DUP REVERT JUMPDEST CALLVALUE DUP ISZERO PUSH JUMPI PUSH DUP REVERT JUMPDEST POP PUSH PUSH DUP CALLDATASIZE SUB DUP ADD SWAP DUP DUP CALLDATALOAD PUSH AND SWAP PUSH ADD SWAP SWAP SWAP SWAP DUP CALLDATALOAD SWAP PUSH ADD SWAP SWAP SWAP SWAP POP POP POP PUSH JUMP JUMPDEST STOP JUMPDEST DUP PUSH AND PUSH MLOAD DUP DUP PUSH DUP MSTORE POP PUSH ADD SWAP POP PUSH MLOAD DUP SWAP SUB SWAP SHA3 PUSH SWAP DIV DUP PUSH MLOAD DUP PUSH AND PUSH MUL DUP MSTORE PUSH ADD DUP DUP DUP MSTORE PUSH ADD SWAP POP POP PUSH PUSH MLOAD DUP DUP SUB DUP DUP GAS DELEGATECALL SWAP POP POP POP POP POP POP JUMP STOP,3
223701.txt,PUSH PUSH MSTORE CALLVALUE DUP ISZERO PUSH JUMPI PUSH DUP REVERT JUMPDEST POP PUSH DUP PUSH PUSH CODECOPY PUSH RETURN STOP PUSH PUSH MSTORE PUSH CALLDATASIZE LT PUSH JUMPI PUSH CALLDATALOAD PUSH SWAP DIV PUSH AND DUP PUSH EQ PUSH JUMPI JUMPDEST PUSH DUP REVERT JUMPDEST CALLVALUE DUP ISZERO PUSH JUMPI PUSH DUP REVERT JUMPDEST POP PUSH PUSH DUP CALLDATASIZE SUB DUP ADD SWAP DUP DUP CALLDATALOAD PUSH AND SWAP PUSH ADD SWAP SWAP SWAP SWAP DUP CALLDATALOAD SWAP PUSH ADD SWAP DUP ADD DUP CALLDATALOAD SWAP PUSH ADD SWAP DUP DUP PUSH ADD PUSH DUP SWAP DIV MUL PUSH ADD PUSH MLOAD SWAP DUP ADD PUSH MSTORE DUP SWAP SWAP SWAP SWAP DUP DUP MSTORE PUSH ADD DUP DUP DUP DUP DUP CALLDATACOPY DUP ADD SWAP POP POP POP POP POP POP SWAP SWAP SWAP SWAP SWAP POP POP POP PUSH JUMP JUMPDEST STOP JUMPDEST DUP PUSH AND DUP PUSH MLOAD DUP DUP DUP MLOAD SWAP PUSH ADD SWAP DUP DUP DUP PUSH JUMPDEST DUP DUP LT ISZERO PUSH JUMPI DUP DUP ADD MLOAD DUP DUP ADD MSTORE PUSH DUP ADD SWAP POP PUSH JUMP JUMPDEST POP POP POP POP SWAP POP SWAP DUP ADD SWAP PUSH AND DUP ISZERO PUSH JUMPI DUP DUP SUB DUP MLOAD PUSH DUP PUSH SUB PUSH EXP SUB NOT AND DUP MSTORE PUSH ADD SWAP POP JUMPDEST POP SWAP POP POP PUSH PUSH MLOAD DUP DUP SUB DUP DUP GAS DELEGATECALL SWAP POP POP ISZERO ISZERO PUSH JUMPI PUSH DUP REVERT JUMPDEST POP POP JUMP STOP,3
226131.txt,PUSH PUSH MSTORE CALLVALUE DUP ISZERO PUSH JUMPI PUSH DUP REVERT JUMPDEST POP PUSH DUP PUSH PUSH CODECOPY PUSH RETURN STOP PUSH PUSH MSTORE PUSH CALLDATASIZE LT PUSH JUMPI PUSH CALLDATALOAD PUSH SWAP DIV PUSH AND DUP PUSH EQ PUSH JUMPI JUMPDEST PUSH DUP REVERT JUMPDEST CALLVALUE DUP ISZERO PUSH JUMPI PUSH DUP REVERT JUMPDEST POP PUSH PUSH DUP CALLDATASIZE SUB DUP ADD SWAP DUP DUP CALLDATALOAD PUSH AND SWAP PUSH ADD SWAP SWAP SWAP SWAP POP POP POP PUSH JUMP JUMPDEST STOP JUMPDEST PUSH PUSH MLOAD DUP DUP PUSH DUP MSTORE POP PUSH ADD SWAP POP PUSH MLOAD DUP SWAP SUB SWAP SHA3 SWAP POP DUP PUSH AND DUP PUSH SWAP DIV PUSH MLOAD DUP PUSH AND PUSH MUL DUP MSTORE PUSH ADD PUSH PUSH MLOAD DUP DUP SUB DUP DUP GAS DELEGATECALL SWAP POP POP POP ISZERO ISZERO ISZERO PUSH JUMPI PUSH DUP REVERT JUMPDEST POP POP JUMP STOP,3
229431.txt,PUSH PUSH MSTORE CALLVALUE DUP ISZERO PUSH JUMPI PUSH DUP REVERT JUMPDEST POP PUSH DUP PUSH PUSH CODECOPY PUSH RETURN STOP PUSH PUSH MSTORE PUSH CALLDATASIZE LT PUSH JUMPI PUSH CALLDATALOAD PUSH SWAP DIV PUSH AND DUP PUSH EQ PUSH JUMPI JUMPDEST PUSH DUP REVERT JUMPDEST CALLVALUE DUP ISZERO PUSH JUMPI PUSH DUP REVERT JUMPDEST POP PUSH PUSH DUP CALLDATASIZE SUB DUP ADD SWAP DUP DUP CALLDATALOAD PUSH AND SWAP PUSH ADD SWAP SWAP SWAP SWAP POP POP POP PUSH JUMP JUMPDEST STOP JUMPDEST DUP PUSH AND PUSH MLOAD DUP DUP PUSH DUP MSTORE POP PUSH ADD SWAP POP PUSH MLOAD DUP SWAP SUB SWAP SHA3 PUSH SWAP DIV PUSH MLOAD DUP PUSH AND PUSH MUL DUP MSTORE PUSH ADD PUSH PUSH MLOAD DUP DUP SUB DUP DUP GAS DELEGATECALL SWAP POP POP POP ISZERO ISZERO PUSH JUMPI PUSH DUP REVERT JUMPDEST POP JUMP STOP,3
93261.txt,PUSH PUSH MSTORE CALLVALUE DUP ISZERO PUSH JUMPI PUSH DUP REVERT JUMPDEST POP PUSH DUP PUSH PUSH CODECOPY PUSH RETURN STOP PUSH PUSH MSTORE PUSH CALLDATASIZE LT PUSH JUMPI PUSH CALLDATALOAD PUSH SWAP DIV PUSH AND DUP PUSH EQ PUSH JUMPI JUMPDEST PUSH DUP REVERT JUMPDEST PUSH PUSH DUP CALLDATASIZE SUB DUP ADD SWAP DUP DUP CALLDATALOAD PUSH AND SWAP PUSH ADD SWAP SWAP SWAP SWAP POP POP POP PUSH JUMP JUMPDEST STOP JUMPDEST DUP PUSH DUP PUSH EXP DUP SLOAD DUP PUSH MUL NOT AND SWAP DUP PUSH AND MUL OR SWAP SSTORE POP PUSH DUP SWAP SLOAD SWAP PUSH EXP SWAP DIV PUSH AND PUSH AND PUSH CALLDATASIZE PUSH MLOAD DUP DUP DUP DUP DUP DUP CALLDATACOPY DUP ADD SWAP POP POP SWAP POP POP POP PUSH PUSH MLOAD DUP DUP SUB DUP DUP GAS DELEGATECALL SWAP POP POP POP POP JUMP STOP,3
23491.txt,PUSH PUSH MSTORE CALLVALUE DUP ISZERO PUSH JUMPI PUSH DUP REVERT JUMPDEST POP PUSH DUP PUSH PUSH CODECOPY PUSH RETURN STOP PUSH PUSH MSTORE PUSH CALLDATASIZE LT PUSH JUMPI PUSH CALLDATALOAD PUSH SWAP DIV PUSH AND DUP PUSH EQ PUSH JUMPI JUMPDEST PUSH DUP REVERT JUMPDEST CALLVALUE DUP ISZERO PUSH JUMPI PUSH DUP REVERT JUMPDEST POP PUSH PUSH DUP CALLDATASIZE SUB DUP ADD SWAP DUP DUP CALLDATALOAD PUSH AND SWAP PUSH ADD SWAP SWAP SWAP SWAP POP POP POP PUSH JUMP JUMPDEST STOP JUMPDEST DUP PUSH AND PUSH MLOAD DUP DUP PUSH DUP MSTORE POP PUSH ADD SWAP POP PUSH MLOAD DUP SWAP SUB SWAP SHA3 PUSH SWAP DIV PUSH MLOAD DUP PUSH AND PUSH MUL DUP MSTORE PUSH ADD PUSH PUSH MLOAD DUP DUP SUB DUP DUP GAS DELEGATECALL SWAP POP POP POP ISZERO ISZERO PUSH JUMPI PUSH DUP REVERT JUMPDEST POP JUMP STOP,3
23501.txt,PUSH PUSH MSTORE CALLVALUE DUP ISZERO PUSH JUMPI PUSH DUP REVERT JUMPDEST POP PUSH DUP PUSH PUSH CODECOPY PUSH RETURN STOP PUSH PUSH MSTORE PUSH CALLDATASIZE LT PUSH JUMPI PUSH CALLDATALOAD PUSH SWAP DIV PUSH AND DUP PUSH EQ PUSH JUMPI JUMPDEST PUSH DUP REVERT JUMPDEST CALLVALUE DUP ISZERO PUSH JUMPI PUSH DUP REVERT JUMPDEST POP PUSH PUSH DUP CALLDATASIZE SUB DUP ADD SWAP DUP DUP CALLDATALOAD PUSH AND SWAP PUSH ADD SWAP SWAP SWAP SWAP DUP CALLDATALOAD SWAP PUSH ADD SWAP SWAP SWAP SWAP DUP CALLDATALOAD SWAP PUSH ADD SWAP SWAP SWAP SWAP POP POP POP PUSH JUMP JUMPDEST STOP JUMPDEST DUP PUSH AND DUP DUP PUSH MLOAD PUSH ADD DUP DUP DUP MSTORE PUSH ADD DUP DUP MSTORE PUSH ADD SWAP POP POP POP PUSH MLOAD PUSH DUP DUP SUB SUB DUP MSTORE SWAP PUSH MSTORE PUSH PUSH NOT AND PUSH DUP ADD DUP MLOAD PUSH DUP DUP DUP AND OR DUP MSTORE POP POP POP POP PUSH MLOAD DUP DUP DUP MLOAD SWAP PUSH ADD SWAP DUP DUP DUP PUSH JUMPDEST DUP DUP LT ISZERO PUSH JUMPI DUP DUP ADD MLOAD DUP DUP ADD MSTORE PUSH DUP ADD SWAP POP PUSH JUMP JUMPDEST POP POP POP POP SWAP POP SWAP DUP ADD SWAP PUSH AND DUP ISZERO PUSH JUMPI DUP DUP SUB DUP MLOAD PUSH DUP PUSH SUB PUSH EXP SUB NOT AND DUP MSTORE PUSH ADD SWAP POP JUMPDEST POP SWAP POP POP PUSH PUSH MLOAD DUP DUP SUB DUP DUP GAS DELEGATECALL SWAP POP POP POP POP POP POP JUMP STOP,3
236941.txt,PUSH PUSH MSTORE CALLVALUE DUP ISZERO PUSH JUMPI PUSH DUP REVERT JUMPDEST POP PUSH DUP PUSH PUSH CODECOPY PUSH RETURN STOP PUSH PUSH MSTORE PUSH CALLDATASIZE LT PUSH JUMPI PUSH CALLDATALOAD PUSH SWAP DIV PUSH AND DUP PUSH EQ PUSH JUMPI JUMPDEST PUSH DUP REVERT JUMPDEST CALLVALUE DUP ISZERO PUSH JUMPI PUSH DUP REVERT JUMPDEST POP PUSH PUSH DUP CALLDATASIZE SUB DUP ADD SWAP DUP DUP CALLDATALOAD PUSH AND SWAP PUSH ADD SWAP SWAP SWAP SWAP POP POP POP PUSH JUMP JUMPDEST STOP JUMPDEST PUSH PUSH MLOAD DUP DUP PUSH DUP MSTORE POP PUSH ADD SWAP POP PUSH MLOAD DUP SWAP SUB SWAP SHA3 SWAP POP DUP PUSH AND DUP PUSH SWAP DIV PUSH MLOAD DUP PUSH AND PUSH MUL DUP MSTORE PUSH ADD PUSH PUSH MLOAD DUP DUP SUB DUP DUP GAS DELEGATECALL SWAP POP POP POP ISZERO ISZERO PUSH JUMPI PUSH DUP REVERT JUMPDEST POP POP JUMP STOP,3
337271.txt,PUSH PUSH MSTORE CALLVALUE DUP ISZERO PUSH JUMPI PUSH DUP REVERT JUMPDEST POP PUSH DUP PUSH PUSH CODECOPY PUSH RETURN STOP PUSH PUSH MSTORE PUSH CALLDATASIZE LT PUSH JUMPI PUSH CALLDATALOAD PUSH SWAP DIV PUSH AND DUP PUSH EQ PUSH JUMPI JUMPDEST PUSH DUP REVERT JUMPDEST CALLVALUE DUP ISZERO PUSH JUMPI PUSH DUP REVERT JUMPDEST POP PUSH PUSH DUP CALLDATASIZE SUB DUP ADD SWAP DUP DUP CALLDATALOAD SWAP PUSH ADD SWAP SWAP SWAP SWAP POP POP POP PUSH JUMP JUMPDEST STOP JUMPDEST PUSH DUP SWAP SLOAD SWAP PUSH EXP SWAP DIV PUSH AND PUSH AND PUSH MLOAD DUP DUP PUSH DUP MSTORE POP PUSH ADD SWAP POP PUSH MLOAD DUP SWAP SUB SWAP SHA3 PUSH SWAP DIV DUP PUSH MLOAD DUP PUSH AND PUSH MUL DUP MSTORE PUSH ADD DUP DUP DUP MSTORE PUSH ADD SWAP POP POP PUSH PUSH MLOAD DUP DUP SUB DUP DUP GAS DELEGATECALL SWAP POP POP POP POP POP JUMP STOP,3
337411.txt,PUSH PUSH MSTORE CALLVALUE DUP ISZERO PUSH JUMPI PUSH DUP REVERT JUMPDEST POP PUSH DUP PUSH PUSH CODECOPY PUSH RETURN STOP PUSH PUSH MSTORE PUSH CALLDATASIZE LT PUSH JUMPI PUSH CALLDATALOAD PUSH SWAP DIV PUSH AND DUP PUSH EQ PUSH JUMPI JUMPDEST PUSH DUP REVERT JUMPDEST PUSH PUSH DUP CALLDATASIZE SUB DUP ADD SWAP DUP DUP CALLDATALOAD PUSH AND SWAP PUSH ADD SWAP SWAP SWAP SWAP DUP CALLDATALOAD SWAP PUSH ADD SWAP DUP ADD DUP CALLDATALOAD SWAP PUSH ADD SWAP DUP DUP PUSH ADD PUSH DUP SWAP DIV MUL PUSH ADD PUSH MLOAD SWAP DUP ADD PUSH MSTORE DUP SWAP SWAP SWAP SWAP DUP DUP MSTORE PUSH ADD DUP DUP DUP DUP DUP CALLDATACOPY DUP ADD SWAP POP POP POP POP POP POP SWAP SWAP SWAP SWAP SWAP POP POP POP PUSH JUMP JUMPDEST STOP JUMPDEST PUSH DUP DUP MLOAD GT ISZERO PUSH JUMPI DUP PUSH AND DUP PUSH MLOAD DUP DUP DUP MLOAD SWAP PUSH ADD SWAP DUP DUP DUP PUSH JUMPDEST DUP DUP LT ISZERO PUSH JUMPI DUP DUP ADD MLOAD DUP DUP ADD MSTORE PUSH DUP ADD SWAP POP PUSH JUMP JUMPDEST POP POP POP POP SWAP POP SWAP DUP ADD SWAP PUSH AND DUP ISZERO PUSH JUMPI DUP DUP SUB DUP MLOAD PUSH DUP PUSH SUB PUSH EXP SUB NOT AND DUP MSTORE PUSH ADD SWAP POP JUMPDEST POP SWAP POP POP PUSH PUSH MLOAD DUP DUP SUB DUP DUP GAS DELEGATECALL SWAP POP POP SWAP POP DUP ISZERO ISZERO PUSH JUMPI PUSH DUP REVERT JUMPDEST JUMPDEST POP POP POP JUMP STOP,3
339301.txt,PUSH PUSH MSTORE CALLVALUE DUP ISZERO PUSH JUMPI PUSH DUP REVERT JUMPDEST POP PUSH DUP PUSH PUSH CODECOPY PUSH RETURN STOP PUSH PUSH MSTORE PUSH CALLDATASIZE LT PUSH JUMPI PUSH CALLDATALOAD PUSH SWAP DIV PUSH AND DUP PUSH EQ PUSH JUMPI JUMPDEST PUSH DUP REVERT JUMPDEST CALLVALUE DUP ISZERO PUSH JUMPI PUSH DUP REVERT JUMPDEST POP PUSH PUSH DUP CALLDATASIZE SUB DUP ADD SWAP DUP DUP CALLDATALOAD PUSH AND SWAP PUSH ADD SWAP SWAP SWAP SWAP DUP CALLDATALOAD SWAP PUSH ADD SWAP DUP ADD DUP CALLDATALOAD SWAP PUSH ADD SWAP DUP DUP PUSH ADD PUSH DUP SWAP DIV MUL PUSH ADD PUSH MLOAD SWAP DUP ADD PUSH MSTORE DUP SWAP SWAP SWAP SWAP DUP DUP MSTORE PUSH ADD DUP DUP DUP DUP DUP CALLDATACOPY DUP ADD SWAP POP POP POP POP POP POP SWAP SWAP SWAP SWAP SWAP POP POP POP PUSH JUMP JUMPDEST STOP JUMPDEST DUP PUSH AND DUP PUSH MLOAD DUP DUP DUP MLOAD SWAP PUSH ADD SWAP DUP DUP DUP PUSH JUMPDEST DUP DUP LT ISZERO PUSH JUMPI DUP DUP ADD MLOAD DUP DUP ADD MSTORE PUSH DUP ADD SWAP POP PUSH JUMP JUMPDEST POP POP POP POP SWAP POP SWAP DUP ADD SWAP PUSH AND DUP ISZERO PUSH JUMPI DUP DUP SUB DUP MLOAD PUSH DUP PUSH SUB PUSH EXP SUB NOT AND DUP MSTORE PUSH ADD SWAP POP JUMPDEST POP SWAP POP POP PUSH PUSH MLOAD DUP DUP SUB DUP DUP GAS DELEGATECALL SWAP POP POP ISZERO ISZERO PUSH JUMPI PUSH DUP REVERT JUMPDEST POP POP JUMP STOP,3
242771.txt,PUSH PUSH MSTORE CALLVALUE DUP ISZERO PUSH JUMPI PUSH DUP REVERT JUMPDEST POP PUSH DUP PUSH PUSH CODECOPY PUSH RETURN STOP PUSH PUSH MSTORE PUSH CALLDATASIZE LT PUSH JUMPI PUSH CALLDATALOAD PUSH SWAP DIV PUSH AND DUP PUSH EQ PUSH JUMPI DUP PUSH EQ PUSH JUMPI JUMPDEST PUSH DUP REVERT JUMPDEST CALLVALUE DUP ISZERO PUSH JUMPI PUSH DUP REVERT JUMPDEST POP PUSH PUSH DUP CALLDATASIZE SUB DUP ADD SWAP DUP DUP CALLDATALOAD PUSH AND SWAP PUSH ADD SWAP SWAP SWAP SWAP POP POP POP PUSH JUMP JUMPDEST STOP JUMPDEST CALLVALUE DUP ISZERO PUSH JUMPI PUSH DUP REVERT JUMPDEST POP PUSH PUSH JUMP JUMPDEST PUSH MLOAD DUP DUP PUSH AND PUSH AND DUP MSTORE PUSH ADD SWAP POP POP PUSH MLOAD DUP SWAP SUB SWAP RETURN JUMPDEST DUP PUSH DUP PUSH EXP DUP SLOAD DUP PUSH MUL NOT AND SWAP DUP PUSH AND MUL OR SWAP SSTORE POP PUSH DUP SWAP SLOAD SWAP PUSH EXP SWAP DIV PUSH AND PUSH AND PUSH MLOAD DUP DUP PUSH DUP MSTORE POP PUSH ADD SWAP POP PUSH MLOAD DUP SWAP SUB SWAP SHA3 PUSH SWAP DIV PUSH MLOAD DUP PUSH AND PUSH MUL DUP MSTORE PUSH ADD PUSH PUSH MLOAD DUP DUP SUB DUP DUP GAS DELEGATECALL SWAP POP POP POP POP POP JUMP JUMPDEST PUSH DUP SWAP SLOAD SWAP PUSH EXP SWAP DIV PUSH AND DUP JUMP STOP,3
54381.txt,PUSH PUSH MSTORE CALLVALUE DUP ISZERO PUSH JUMPI PUSH DUP REVERT JUMPDEST POP PUSH DUP PUSH PUSH CODECOPY PUSH RETURN STOP PUSH PUSH MSTORE PUSH CALLDATASIZE LT PUSH JUMPI PUSH CALLDATALOAD PUSH SWAP DIV PUSH AND DUP PUSH EQ PUSH JUMPI JUMPDEST PUSH DUP REVERT JUMPDEST PUSH PUSH DUP CALLDATASIZE SUB DUP ADD SWAP DUP DUP CALLDATALOAD PUSH AND SWAP PUSH ADD SWAP SWAP SWAP SWAP POP POP POP PUSH JUMP JUMPDEST STOP JUMPDEST DUP PUSH AND PUSH MLOAD DUP DUP PUSH DUP MSTORE POP PUSH ADD SWAP POP PUSH MLOAD DUP SWAP SUB SWAP SHA3 PUSH SWAP DIV PUSH CALLVALUE PUSH MLOAD DUP PUSH AND PUSH MUL DUP MSTORE PUSH ADD DUP DUP PUSH AND DUP MSTORE PUSH ADD DUP DUP MSTORE PUSH ADD SWAP POP POP POP PUSH PUSH MLOAD DUP DUP SUB DUP DUP GAS DELEGATECALL SWAP POP POP POP ISZERO ISZERO PUSH JUMPI PUSH DUP REVERT JUMPDEST POP JUMP STOP,3
6521.txt,PUSH PUSH MSTORE CALLVALUE DUP ISZERO PUSH JUMPI PUSH DUP REVERT JUMPDEST POP PUSH DUP PUSH PUSH CODECOPY PUSH RETURN STOP PUSH PUSH MSTORE PUSH CALLDATASIZE LT PUSH JUMPI PUSH CALLDATALOAD PUSH SWAP DIV PUSH AND DUP PUSH EQ PUSH JUMPI JUMPDEST PUSH DUP REVERT JUMPDEST CALLVALUE DUP ISZERO PUSH JUMPI PUSH DUP REVERT JUMPDEST POP PUSH PUSH DUP CALLDATASIZE SUB DUP ADD SWAP DUP DUP CALLDATALOAD PUSH AND SWAP PUSH ADD SWAP SWAP SWAP SWAP POP POP POP PUSH JUMP JUMPDEST STOP JUMPDEST DUP PUSH AND PUSH CALLDATASIZE PUSH MLOAD DUP DUP DUP DUP DUP DUP CALLDATACOPY DUP ADD SWAP POP POP SWAP POP POP POP PUSH PUSH MLOAD DUP DUP SUB DUP DUP GAS DELEGATECALL SWAP POP POP ISZERO ISZERO ISZERO PUSH JUMPI PUSH DUP REVERT JUMPDEST POP JUMP STOP,3
35411.txt,PUSH PUSH MSTORE CALLVALUE DUP ISZERO PUSH JUMPI PUSH DUP REVERT JUMPDEST POP PUSH DUP PUSH PUSH CODECOPY PUSH RETURN STOP PUSH PUSH MSTORE PUSH CALLDATASIZE LT PUSH JUMPI PUSH CALLDATALOAD PUSH SWAP DIV PUSH AND DUP PUSH EQ PUSH JUMPI JUMPDEST PUSH DUP REVERT JUMPDEST CALLVALUE DUP ISZERO PUSH JUMPI PUSH DUP REVERT JUMPDEST POP PUSH PUSH DUP CALLDATASIZE SUB DUP ADD SWAP DUP DUP CALLDATALOAD SWAP PUSH ADD SWAP SWAP SWAP SWAP DUP CALLDATALOAD PUSH NOT AND SWAP PUSH ADD SWAP SWAP SWAP SWAP POP POP POP PUSH JUMP JUMPDEST STOP JUMPDEST PUSH DUP DUP DUP MSTORE PUSH ADD SWAP DUP MSTORE PUSH ADD PUSH SHA3 PUSH SWAP SLOAD SWAP PUSH EXP SWAP DIV PUSH AND PUSH AND DUP PUSH MLOAD DUP DUP PUSH NOT AND PUSH NOT AND DUP MSTORE PUSH ADD SWAP POP POP PUSH PUSH MLOAD DUP DUP SUB DUP DUP GAS DELEGATECALL SWAP POP POP POP POP POP JUMP STOP,3
163721.txt,PUSH PUSH MSTORE CALLVALUE DUP ISZERO PUSH JUMPI PUSH DUP REVERT JUMPDEST POP PUSH DUP PUSH PUSH CODECOPY PUSH RETURN STOP PUSH PUSH MSTORE PUSH CALLDATASIZE LT PUSH JUMPI PUSH CALLDATALOAD PUSH SWAP DIV PUSH AND DUP PUSH EQ PUSH JUMPI JUMPDEST PUSH DUP REVERT JUMPDEST CALLVALUE DUP ISZERO PUSH JUMPI PUSH DUP REVERT JUMPDEST POP PUSH PUSH DUP CALLDATASIZE SUB DUP ADD SWAP DUP DUP CALLDATALOAD PUSH AND SWAP PUSH ADD SWAP SWAP SWAP SWAP POP POP POP PUSH JUMP JUMPDEST PUSH MLOAD DUP DUP ISZERO ISZERO ISZERO ISZERO DUP MSTORE PUSH ADD SWAP POP POP PUSH MLOAD DUP SWAP SUB SWAP RETURN JUMPDEST PUSH DUP PUSH MLOAD DUP DUP PUSH DUP MSTORE POP PUSH ADD SWAP POP PUSH MLOAD DUP SWAP SUB SWAP SHA3 SWAP POP DUP PUSH AND DUP PUSH SWAP DIV PUSH PUSH MLOAD DUP PUSH AND PUSH MUL DUP MSTORE PUSH ADD DUP DUP PUSH AND DUP MSTORE PUSH ADD SWAP POP POP PUSH PUSH MLOAD DUP DUP SUB DUP DUP GAS DELEGATECALL SWAP POP POP POP SWAP POP POP SWAP SWAP POP JUMP STOP,3
166371.txt,PUSH PUSH MSTORE CALLVALUE DUP ISZERO PUSH JUMPI PUSH DUP REVERT JUMPDEST POP PUSH DUP PUSH PUSH CODECOPY PUSH RETURN STOP PUSH PUSH MSTORE PUSH CALLDATASIZE LT PUSH JUMPI PUSH CALLDATALOAD PUSH SWAP DIV PUSH AND DUP PUSH EQ PUSH JUMPI JUMPDEST PUSH DUP REVERT JUMPDEST PUSH PUSH JUMP JUMPDEST STOP JUMPDEST PUSH CALLVALUE GT ISZERO PUSH JUMPI CALLER PUSH AND PUSH CALLVALUE SWAP DUP ISZERO MUL SWAP PUSH MLOAD PUSH PUSH MLOAD DUP DUP SUB DUP DUP DUP DUP CALL SWAP POP POP POP POP ISZERO DUP ISZERO PUSH JUMPI RETURNDATASIZE PUSH DUP RETURNDATACOPY RETURNDATASIZE PUSH REVERT JUMPDEST POP PUSH JUMP JUMPDEST PUSH DUP CALLDATASIZE SWAP POP GT ISZERO PUSH JUMPI CALLER PUSH AND PUSH CALLDATASIZE PUSH MLOAD DUP DUP DUP DUP DUP DUP CALLDATACOPY DUP ADD SWAP POP POP SWAP POP POP POP PUSH PUSH MLOAD DUP DUP SUB DUP DUP GAS DELEGATECALL SWAP POP POP POP JUMPDEST JUMPDEST JUMP STOP,3
269201.txt,PUSH PUSH MSTORE CALLVALUE DUP ISZERO PUSH JUMPI PUSH DUP REVERT JUMPDEST POP PUSH DUP PUSH PUSH CODECOPY PUSH RETURN STOP PUSH PUSH MSTORE PUSH CALLDATASIZE LT PUSH JUMPI PUSH CALLDATALOAD PUSH SWAP DIV PUSH AND DUP PUSH EQ PUSH JUMPI JUMPDEST PUSH DUP REVERT JUMPDEST CALLVALUE DUP ISZERO PUSH JUMPI PUSH DUP REVERT JUMPDEST POP PUSH PUSH DUP CALLDATASIZE SUB DUP ADD SWAP DUP DUP CALLDATALOAD PUSH AND SWAP PUSH ADD SWAP SWAP SWAP SWAP DUP CALLDATALOAD SWAP PUSH ADD SWAP SWAP SWAP SWAP DUP CALLDATALOAD SWAP PUSH ADD SWAP DUP ADD DUP CALLDATALOAD SWAP PUSH ADD SWAP DUP DUP PUSH ADD PUSH DUP SWAP DIV MUL PUSH ADD PUSH MLOAD SWAP DUP ADD PUSH MSTORE DUP SWAP SWAP SWAP SWAP DUP DUP MSTORE PUSH ADD DUP DUP DUP DUP DUP CALLDATACOPY DUP ADD SWAP POP POP POP POP POP POP SWAP SWAP SWAP SWAP SWAP POP POP POP PUSH JUMP JUMPDEST STOP JUMPDEST DUP PUSH AND DUP DUP PUSH MLOAD DUP DUP DUP MLOAD SWAP PUSH ADD SWAP DUP DUP DUP PUSH JUMPDEST DUP DUP LT ISZERO PUSH JUMPI DUP DUP ADD MLOAD DUP DUP ADD MSTORE PUSH DUP ADD SWAP POP PUSH JUMP JUMPDEST POP POP POP POP SWAP POP SWAP DUP ADD SWAP PUSH AND DUP ISZERO PUSH JUMPI DUP DUP SUB DUP MLOAD PUSH DUP PUSH SUB PUSH EXP SUB NOT AND DUP MSTORE PUSH ADD SWAP POP JUMPDEST POP SWAP POP POP PUSH PUSH MLOAD DUP DUP SUB DUP DUP DUP DELEGATECALL SWAP POP POP POP POP POP POP POP JUMP STOP,3
277671.txt,PUSH PUSH MSTORE CALLVALUE DUP ISZERO PUSH JUMPI PUSH DUP REVERT JUMPDEST POP PUSH DUP PUSH PUSH CODECOPY PUSH RETURN STOP PUSH PUSH MSTORE PUSH CALLDATASIZE LT PUSH JUMPI PUSH CALLDATALOAD PUSH SWAP DIV PUSH AND DUP PUSH EQ PUSH JUMPI JUMPDEST PUSH DUP REVERT JUMPDEST CALLVALUE DUP ISZERO PUSH JUMPI PUSH DUP REVERT JUMPDEST POP PUSH PUSH DUP CALLDATASIZE SUB DUP ADD SWAP DUP DUP CALLDATALOAD PUSH AND SWAP PUSH ADD SWAP SWAP SWAP SWAP POP POP POP PUSH JUMP JUMPDEST STOP JUMPDEST DUP PUSH AND PUSH MLOAD DUP DUP PUSH DUP MSTORE POP PUSH ADD SWAP POP PUSH MLOAD DUP SWAP SUB SWAP SHA3 PUSH SWAP DIV PUSH MLOAD DUP PUSH AND PUSH MUL DUP MSTORE PUSH ADD PUSH PUSH MLOAD DUP DUP SUB DUP DUP GAS DELEGATECALL SWAP POP POP POP ISZERO ISZERO PUSH JUMPI PUSH DUP REVERT JUMPDEST POP JUMP STOP,3
18311.txt,PUSH PUSH MSTORE CALLVALUE DUP ISZERO PUSH JUMPI PUSH DUP REVERT JUMPDEST POP PUSH DUP PUSH PUSH CODECOPY PUSH RETURN STOP PUSH PUSH MSTORE PUSH CALLDATASIZE LT PUSH JUMPI PUSH CALLDATALOAD PUSH SWAP DIV PUSH AND DUP PUSH EQ PUSH JUMPI JUMPDEST PUSH DUP REVERT JUMPDEST CALLVALUE DUP ISZERO PUSH JUMPI PUSH DUP REVERT JUMPDEST POP PUSH PUSH DUP CALLDATASIZE SUB DUP ADD SWAP DUP DUP CALLDATALOAD PUSH AND SWAP PUSH ADD SWAP SWAP SWAP SWAP POP POP POP PUSH JUMP JUMPDEST STOP JUMPDEST PUSH PUSH CALLDATASIZE DUP DUP PUSH ADD PUSH DUP SWAP DIV MUL PUSH ADD PUSH MLOAD SWAP DUP ADD PUSH MSTORE DUP SWAP SWAP SWAP SWAP DUP DUP MSTORE PUSH ADD DUP DUP DUP DUP DUP CALLDATACOPY DUP ADD SWAP POP POP POP POP POP POP SWAP POP DUP PUSH AND DUP PUSH MLOAD DUP DUP DUP MLOAD SWAP PUSH ADD SWAP DUP DUP DUP PUSH JUMPDEST DUP DUP LT ISZERO PUSH JUMPI DUP DUP ADD MLOAD DUP DUP ADD MSTORE PUSH DUP ADD SWAP POP PUSH JUMP JUMPDEST POP POP POP POP SWAP POP SWAP DUP ADD SWAP PUSH AND DUP ISZERO PUSH JUMPI DUP DUP SUB DUP MLOAD PUSH DUP PUSH SUB PUSH EXP SUB NOT AND DUP MSTORE PUSH ADD SWAP POP JUMPDEST POP SWAP POP POP PUSH PUSH MLOAD DUP DUP SUB DUP DUP GAS DELEGATECALL SWAP POP POP POP POP POP JUMP STOP,3
190321.txt,PUSH PUSH MSTORE CALLVALUE DUP ISZERO PUSH JUMPI PUSH DUP REVERT JUMPDEST POP PUSH DUP PUSH PUSH CODECOPY PUSH RETURN STOP PUSH PUSH MSTORE PUSH CALLDATASIZE LT PUSH JUMPI PUSH CALLDATALOAD PUSH SWAP DIV PUSH AND DUP PUSH EQ PUSH JUMPI JUMPDEST PUSH DUP REVERT JUMPDEST CALLVALUE DUP ISZERO PUSH JUMPI PUSH DUP REVERT JUMPDEST POP PUSH PUSH DUP CALLDATASIZE SUB DUP ADD SWAP DUP DUP CALLDATALOAD PUSH AND SWAP PUSH ADD SWAP SWAP SWAP SWAP DUP CALLDATALOAD SWAP PUSH ADD SWAP DUP ADD DUP CALLDATALOAD SWAP PUSH ADD SWAP DUP DUP PUSH ADD PUSH DUP SWAP DIV MUL PUSH ADD PUSH MLOAD SWAP DUP ADD PUSH MSTORE DUP SWAP SWAP SWAP SWAP DUP DUP MSTORE PUSH ADD DUP DUP DUP DUP DUP CALLDATACOPY DUP ADD SWAP POP POP POP POP POP POP SWAP SWAP SWAP SWAP SWAP POP POP POP PUSH JUMP JUMPDEST STOP JUMPDEST DUP PUSH AND DUP PUSH MLOAD DUP DUP DUP MLOAD SWAP PUSH ADD SWAP DUP DUP DUP PUSH JUMPDEST DUP DUP LT ISZERO PUSH JUMPI DUP DUP ADD MLOAD DUP DUP ADD MSTORE PUSH DUP ADD SWAP POP PUSH JUMP JUMPDEST POP POP POP POP SWAP POP SWAP DUP ADD SWAP PUSH AND DUP ISZERO PUSH JUMPI DUP DUP SUB DUP MLOAD PUSH DUP PUSH SUB PUSH EXP SUB NOT AND DUP MSTORE PUSH ADD SWAP POP JUMPDEST POP SWAP POP POP PUSH PUSH MLOAD DUP DUP SUB DUP DUP GAS DELEGATECALL SWAP POP POP ISZERO ISZERO PUSH JUMPI PUSH DUP REVERT JUMPDEST POP POP JUMP STOP,3
99501.txt,PUSH PUSH MSTORE CALLVALUE DUP ISZERO PUSH JUMPI PUSH DUP REVERT JUMPDEST POP PUSH DUP PUSH PUSH CODECOPY PUSH RETURN STOP PUSH PUSH MSTORE PUSH CALLDATASIZE LT PUSH JUMPI PUSH CALLDATALOAD PUSH SWAP DIV PUSH AND DUP PUSH EQ PUSH JUMPI JUMPDEST PUSH DUP REVERT JUMPDEST CALLVALUE DUP ISZERO PUSH JUMPI PUSH DUP REVERT JUMPDEST POP PUSH PUSH DUP CALLDATASIZE SUB DUP ADD SWAP DUP DUP CALLDATALOAD PUSH AND SWAP PUSH ADD SWAP SWAP SWAP SWAP DUP CALLDATALOAD PUSH AND SWAP PUSH ADD SWAP SWAP SWAP SWAP DUP CALLDATALOAD SWAP PUSH ADD SWAP DUP ADD DUP CALLDATALOAD SWAP PUSH ADD SWAP DUP DUP PUSH ADD PUSH DUP SWAP DIV MUL PUSH ADD PUSH MLOAD SWAP DUP ADD PUSH MSTORE DUP SWAP SWAP SWAP SWAP DUP DUP MSTORE PUSH ADD DUP DUP DUP DUP DUP CALLDATACOPY DUP ADD SWAP POP POP POP POP POP POP SWAP SWAP SWAP SWAP SWAP POP POP POP PUSH JUMP JUMPDEST PUSH MLOAD DUP DUP ISZERO ISZERO ISZERO ISZERO DUP MSTORE PUSH ADD SWAP POP POP PUSH MLOAD DUP SWAP SUB SWAP RETURN JUMPDEST PUSH DUP PUSH DUP GT ISZERO PUSH JUMPI INVALID JUMPDEST DUP PUSH DUP GT ISZERO PUSH JUMPI INVALID JUMPDEST EQ ISZERO PUSH JUMPI DUP PUSH AND DUP PUSH MLOAD DUP DUP DUP MLOAD SWAP PUSH ADD SWAP DUP DUP DUP PUSH JUMPDEST DUP DUP LT ISZERO PUSH JUMPI DUP DUP ADD MLOAD DUP DUP ADD MSTORE PUSH DUP ADD SWAP POP PUSH JUMP JUMPDEST POP POP POP POP SWAP POP SWAP DUP ADD SWAP PUSH AND DUP ISZERO PUSH JUMPI DUP DUP SUB DUP MLOAD PUSH DUP PUSH SUB PUSH EXP SUB NOT AND DUP MSTORE PUSH ADD SWAP POP JUMPDEST POP SWAP POP POP PUSH PUSH MLOAD DUP DUP SUB DUP DUP GAS DELEGATECALL SWAP POP POP SWAP POP JUMPDEST DUP SWAP POP SWAP SWAP POP POP POP JUMP STOP,3
399791.txt,PUSH PUSH MSTORE CALLVALUE DUP ISZERO PUSH JUMPI PUSH DUP REVERT JUMPDEST POP PUSH DUP PUSH PUSH CODECOPY PUSH RETURN STOP PUSH PUSH MSTORE PUSH CALLDATASIZE LT PUSH JUMPI PUSH CALLDATALOAD PUSH SWAP DIV PUSH AND DUP PUSH EQ PUSH JUMPI JUMPDEST PUSH DUP REVERT JUMPDEST CALLVALUE DUP ISZERO PUSH JUMPI PUSH DUP REVERT JUMPDEST POP PUSH PUSH DUP CALLDATASIZE SUB DUP ADD SWAP DUP DUP CALLDATALOAD PUSH AND SWAP PUSH ADD SWAP SWAP SWAP SWAP DUP CALLDATALOAD SWAP PUSH ADD SWAP SWAP SWAP SWAP POP POP POP PUSH JUMP JUMPDEST STOP JUMPDEST PUSH DUP PUSH AND EQ ISZERO ISZERO PUSH JUMPI DUP PUSH AND DUP PUSH MLOAD DUP DUP DUP MSTORE PUSH ADD SWAP POP POP PUSH PUSH MLOAD DUP DUP SUB DUP DUP GAS DELEGATECALL SWAP POP POP POP JUMPDEST POP POP JUMP STOP,3
